halId_s;docType_s;title_s;authFullName_s;producedDate_s;domain_s;journalTitle_s;conferenceTitle_s;fr_keyword_s;labStructAcronym_s
hal-02012443;ART;Incremental Sharpe and other performance ratios;Eric Benhamou,Beatrice Guez;2018;0.stat,1.stat.ot,0.qfin;Journal of Statistical and Econometric Methods;;;LAMSADE,LAMSADE
hal-02074110;COMM;Online learning of acyclic conditional preference networks from noisy data;Fabien Labernia,Bruno Zanuttini,Brice Mayag,Florian Yger,Jamal Atif;2017;0.info,1.info.info-ai,0.info,1.info.info-ds;;ICDM 2017;;LAMSADE,LAMSADE,GREYC
hal-01619969;COMM;Online learning of acyclic conditional preference networks from noisy data;Fabien Labernia,Bruno Zanuttini,Brice Mayag,Florian Yger,Jamal Atif;18/11/2017;0.info,1.info.info-ai;;17th IEEE International Conference on Data Mining (ICDM 2017);;LAMSADE,LAMSADE,GREYC,LAMSADE
hal-02010093;COMM;Training compact deep learning models for video classification using circulant matrices;Alexandre Araujo,Benjamin Negrevergne,Yann Chevaleyre,Jamal Atif;25/08/2018;0.info,0.info,1.info.info-lg,0.info,1.info.info-ne;;Computer Vision – ECCV 2018 Workshops;;LAMSADE,LAMSADE
hal-02074081;ART;Query-based learning of acyclic conditional preference networks from noisy data;Fabien Labernia,Florian Yger,Brice Mayag,Jamal Atif;2018;0.info,1.info.info-ai,0.info,1.info.info-ds;EURO journal on decision processes;;;LAMSADE,LAMSADE
hal-02344009;COMM;On a Simple Hedonic Game with Graph-Restricted Communication;Vittorio Bilò,Laurent Gourvès,Jérôme Monnot;30/09/2019;0.info,1.info.info-gt;;International Symposium on Algorithmic Game Theory SAGT 2019;;LAMSADE
hal-02344051;COMM;Extension and its price for the connected vertex cover problem;Mehdi Khosravian Ghadikolaei,Nikolaos Melissinos,Jérôme Monnot,Aris Pagourtzis;23/07/2019;0.info,0.info,1.info.info-cc,0.info,1.info.info-dm,0.info,1.info.info-ro,0.math;;Combinatorial Algorithms - 30th International Workshop, IWOCA 2019, Proceedings;;LAMSADE
halshs-02353933;COMM;L'expulsion des habitants du bois Lejuc peut-elle être une erreur ?;Juliette Rouchier;16/10/2018;0.shs,1.shs.envir,0.shs,1.shs.gestion;;RIODD;;LAMSADE
hal-01443362;COUV;Rural Road Maintenance in Madagascar: the GENIS project;Alexis Tsoukiàs,Herimandimbiniaina Ralijaona;2015;0.info,1.info.info-ro,0.spi,1.spi.gciv,2.spi.gciv.it;;;;LAMSADE
hal-02004781;ART;Recognizing Art Style Automatically with deep learning;Adrian Lecoutre,Benjamin Negrevergne,Florian Yger;2017;0.info,1.info.info-lg;Proceedings of Machine Learning Research;;;LAMSADE,LAMSADE
hal-01616212;ART;Bi-semiorders with frontiers on finite sets;Denis Bouyssou,Thierry Marchant;2015;0.info;Journal of Mathematical Psychology;;;LAMSADE
hal-02098330;ART;Residual Networks for Computer Go;Tristan Cazenave;2018;0.info;IEEE Transactions on Games;;Residual networks,Deep learning,Computer Go;LAMSADE
hal-02098463;COMM;Improved Policy Networks for Computer Go;Tristan Cazenave;2017;0.info;;15th International Conferences (ACG 2017);Distributed computing,Combinatorial game,Go game;LAMSADE
hal-02157848;COMM;Dynamic blending as a source of flexibility and efficiency in managing phosphate supply chain;Ahlam Azzamouri,Vincent Giard;2018;0.info;;ILS Conference 2018;Sequential inputs supply,Make-To-Order,Phosphate Supply Chain,Blending;LAMSADE
hal-01505524;ART;Approximate Pareto sets of minimal size for multi-objective optimization problems;Cristina Bazgan,Florian Jamain,Daniel Vanderpooten;2015;0.info;Operations Research Letters;;;LAMSADE
hal-01729327;COMM;Context factors in context-aware recommender systems;Zahra Vahidi Ferdousi,Elsa Negre,Dario Colazzo;2017;0.info;;AISR 2017 : Atelier interdisciplinaire sur les systèmes de recommandation;;LAMSADE
hal-01729057;COMM;People behaviors in crisis situations : Three modeling propositions;Maude Arru,Elsa Negre;2017;0.info;;14th International Conference on Information Systems for Crisis Response and Management (ISCRAM 2017);Behaviors,Modeling,Crisis management,Data analysis;LAMSADE
hal-02324228;COUV;What Is a Decision Problem? Designing Alternatives;Alberto Colorni,Alexis Tsoukiàs;30/05/2018;0.info,0.info,1.info.info-ro;;;;LAMSADE
hal-02301638;COMM;CBPF: Leveraging Context and Content Information for Better Recommendations;Zahra Vahidi Ferdousi,Dario Colazzo,Elsa Negre;2018;0.info;;ADMA 2018:  International Conference on Advanced Data Mining and Applications;;LAMSADE
hal-01706926;ART;A biobjective branch and bound procedure for planning spatial missions;Dalal Madakat,Jérôme Morio,D. Vanderpooten;2018;0.phys,1.phys.phys,2.phys.phys.phys-space-ph,0.info,1.info.info-hc;Aerospace Science and Technology;;FRONTIÈRE DE PARETO,VOYAGEUR DE COMMERCE,DÉBRIS SPATIAUX;LAMSADE
hal-01796303;COMM;Prediction Method based DRSA to Improve the Individual Knowledge Appropriation in a Collaborative Learning Environment: Case of MOOCs;Sarra Bouzayane,Inès Saad;04/01/2017;0.info,1.info.info-ai,0.info,1.info.info-lg;;50th Hawaii International Conference on System Sciences (HICSS);;MIS,LAMSADE
hal-01417509;COMM;Standardization\, Commonality\, Modularity: A Global Economic Perspective;Clément Chatras,Vincent Giard;2015;0.info;;IFIP International Conference on Advances in Production Management Systems (APMS);;LAMSADE
hal-02303512;COMM;On the Problem of Assigning PhD Grants;Katarína Cechlárová,Laurent Gourvès,Julien Lesca;2019;0.info;;28th International Joint Conference on Artificial Intelligence (IJCAI 2019);Economic Paradigms,Auctions and Market-Based Systems,Computational Social Choice,Resource Allocation;LAMSADE
hal-02302304;COMM;An Ordinal Banzhaf Index for Social Ranking;Hossein Khani,Stefano Moretti,Meltem Ozturk;2019;0.info,1.info.info-ma,0.info,1.info.info-ai;;28th International Joint Conference on Artificial Intelligence (IJCAI 2019);;LAMSADE
hal-01436522;COMM;Generalized Rapid Action Value Estimation;Tristan Cazenave;2015;0.info;;24th International Conference on Artificial Intelligence;;LAMSADE
hal-01347337;COMM;Early-Warning System Perception: a Study on Fire Safety;Maude Arru,Brice Mayag,Elsa Negre;2016;0.info;;13th International Conference on Information Systems for Crisis Response and Management;;LAMSADE
hal-01741519;COMM;Object Allocation via Swaps along a Social Network;Laurent Gourvès,Julien Lesca,Anaelle Wilczynski;2017;0.info;;26th International Joint Conference on Artiﬁcial Intelligence (IJCAI’17);Agent-based and Multi-agent Systems,Coordination and cooperation,Social Choice Theory;LAMSADE
hal-01292680;COMM;Knowledge and Decision for Smart Cities Initiatives - Cases of Paris and Nice;Pierre-Emmanuel Arduin,Elsa Negre,Camille Rosenthal-Sabroux;13/03/2016;0.shs,1.shs.gestion;;The second IEEE International Conference on Industrial Informatics and Computer Systems (CIICS16);;DRM,LAMSADE
hal-01266501;COMM;Recommending Competent Users from Semantic Traces Using a Bayes Classifier;Ning Wang,Marie-Hélène Abel,Jean-Paul Barthès,Elsa Negre;2015;0.info,1.info.info-si;;IEEE International Conference on Systems, Man, and Cybernetics (IEEE SMC 2015 );;Heudiasyc,LAMSADE
hal-01326876;ART;A note on the asymmetric part of an outranking relation;Denis Bouyssou,Marc Pirlot;2015;0.info;International Transactions in Operational Research;;ELECTRE TRI-B;LAMSADE
hal-02277474;COMM;Economic evaluation in decision models: a critical review and methodological propositions;Najat Bara,Frédéric Gautier,Vincent Giard,Frédéric Fontane;2019;0.info;;EurOMA 2019 (26th EurOMA Conference Operations adding value to society);Industrial management,Mathematical model,Economic model;UP1,LAMSADE
hal-02170699;COMM;Graph-based Clustering under Differential Privacy;Rafael Pinot,Anne Morvan,Florian Yger,Cédric Gouy-Pailler,Jamal Atif;2018;0.info;;Conference on Uncertainty in Artificial Intelligence (UAI 2018);Graphs;LAMSADE,LIST
hal-02170706;COMM;Training Compact Deep Learning Models for Video Classification Using Circulant Matrices;Alexandre Araújo,Benjamin Negrevergne,Yann Chevaleyre,Jamal Atif;2018;0.info;;15th European Conference on Computer Vision (ECCV 2018);Deep learning,Computer vision,Structured matrices,Circulant matrices;LAMSADE
hal-02171119;COMM;The Communication Burden of Single Transferable Vote\, in Practice;Manel Ayadi,Nahla Ben Amor,Jérôme Lang;2018;0.info;;11th International Symposium on Algorithmic Game Theory (SAGT 2018);Game theory,Voting;LARODEC,LAMSADE
hal-02178324;COMM;Population Behaviors in Crisis Situations - A Study of Behavioral Factors in the PPI Ineos Emergency Response Exercise;Maude Arru,Elsa Negre,Camille Rosenthal-Sabroux;2018;0.info;;51st Hawaii International Conference on System Sciences, HICSS 2018;Communication and Information Systems Technology for Crisis and Disaster Management,Behaviors,Crisis Management,Data Analysis,Emergency Response Exercise,Populations;LAMSADE
hal-02164682;COMM;Ordinal Social ranking: simulation for CP-majority rule;Nicolas Fayard,Meltem Ozturk Escoffier;2018;0.info;;DA2PL'2018 (From Multiple Criteria Decision Aid to Preference Learning);Social ranking;LAMSADE
hal-01501806;COMM;Conditional and Sequential Approval Voting on Combinatorial Domains;Nathanaël Barrot,Jérôme Lang;2016;0.info;;25th International Joint Conference on Artificial Intelligence (IJCAI'16);;LAMSADE
hal-02011716;COMM;How AI could help physicians during their medical consultations: An analysis of physicians' decision process to develop efficient decision support systems for medical consultations;Antoine Richard,Brice Mayag,Yves Meinard,François Talbot,Alexis Tsoukiàs;03/07/2018;0.info,1.info.info-ai,0.info,1.info.info-ro,0.sdv,1.sdv.mhep;;PFIA 2018;;LAMSADE
hal-01461579;COMM;Query-based learning of acyclic conditional preference networks from noisy data;Fabien Labernia,Florian Yger,Brice Mayag,Jamal Atif;2016;0.info,1.info.info-ai;;"EURO Mini Conference: ""From Multiple Criteria Decision Aid to Preference Learning"" (DA2PL'2016)";Preference learning,Machine learning,Artificial intelligence;LAMSADE
hal-01411151;COMM;Ordinal power relations and social rankings;Stefano Moretti,Meltem Oztürk;2016;0.info;;Sixth International Workshop on Computational Social Choice;;LAMSADE
hal-01386798;COMM;Recommending competent person in a digial ecosystem;Ning Wang,Marie-Hélène Abel,Jean-Paul Barthès,Elsa Negre;2016;0.info,1.info.info-si;;IEEE International Conference on Industrial Informatics and Computer Systems (CIICS 2016);;Heudiasyc,LAMSADE
hal-01512621;COUV;Large Spatial Competition;Matias Nunez,Marco Scarsini;2017;0.info,0.shs,1.shs.eco;;;;LAMSADE
hal-01715095;ART;Implementation Via Approval Mechanisms;Matias Nunez,Dimitrios Xefteris;2017;0.info;Journal of Economic Theory;;Nash Implementation,Strategy-proofness,Approval Voting,Single-Peakedness,Condorcet winner;LAMSADE,UCY
hal-01369835;COMM;SVVAMP: Simulator of Various Voting Algorithms in Manipulating Populations;François Durand,Fabien Mathieu,Ludovic Noirie;2016;0.info,1.info.info-gt,0.info,1.info.info-ma;;Thirtieth AAAI Conference on Artificial Intelligence (AAAI-16);;LAMSADE,LINCS
hal-01510889;ART;From Evidence-Based Policy-Making to Policy Analytics;Giada de Marchi,Giulia Lucertini,Alexis Tsoukiàs;2016;0.info,1.info.info-ro,0.shs,1.shs.scipo;Annals of Operations Research;;;LAMSADE
hal-01371003;COMM;Achieving Proportional Representation in Conference Programs;Ioannis Caragiannis,Laurent Gourvès,Jérôme Monnot;2016;0.info;;Twenty-Fifth International Joint Conference on Artificial Intelligence, IJCAI 2016;;CTI,LAMSADE
hal-01371072;COMM;How Hard Is It for a Party to Nominate an Election Winner?;Piotr Faliszewski,Laurent Gourvès,Jérôme Lang,Julien Lesca,Jérôme Monnot;2016;0.info;;Twenty-Fifth International Joint Conference on Artificial Intelligence, IJCAI 2016;;AGH-UST,LAMSADE
hal-01436255;ART;Sequential Halving Applied to Trees;Tristan Cazenave;2015;0.info;IEEE Transactions on Computational Intelligence and AI in games;;UCT,Monte Carlo Tree Search,Sequential Halving,Nogo,Sequential halving applied to trees SHOT;LAMSADE
hal-01994450;ART;On the Complexity of Connection Games;Edouard Bonnet,Florian Jamain,Abdallah Saffidine;2016;0.info,1.info.info-cc,0.info,1.info.info-ai;Theoretical Computer Science;;;LAMSADE
hal-01498923;COMM;Group Decision Making via Weighted Propositional Logic: Complexity and Islands of Tractability.;Greco Gianluigi,Jérôme Lang;2015;0.info;;24th International Joint Conference on Artificial Intelligence (IJCAI 2015);Knowledge representation,Social choice;LAMSADE
hal-02103421;COMM;Ceteris Paribus Majority for social ranking;Adrian Haret,Hossein Khani,Stefano Moretti,Meltem Ozturk;2018;0.info;;27th International Joint Conference on Artificial Intelligence (IJCAI-ECAI-18);;LAMSADE
hal-01593566;ART;A note on r-equitable k-colorings of trees;Alain Hertz,Bernard Ries;2016;0.info;Yugoslav Journal of Operations Research;;Trees,Equitable coloring,Independent sets;GERAD,LAMSADE
hal-02361306;COMM;Mining rare sequential patterns with ASP;Ahmed Samet,Thomas Guyet,Benjamin Negrevergne;2017;0.info;;27th International Conference on Inductive Logic Programming (ILP 2017);Rare patterns,Sequential patterns,Declarative pattern mining,Patient care pathways;LAMSADE
hal-02361200;COMM;The probabilistic k-center problem;Marc Demange,Marcel Adonis Haddad,Cécile Murat;2018;0.info;;GEO-SAFE workshop - Robust Solutions for Fire Fighting (RSFF'18);Wildfire management,K-centre problem,Probabilistic combinatorial optimisation;LAMSADE
hal-01432021;ART;Super-polynomial approximation branching algorithms;Bruno Escoffier,Vangelis Th. Paschos,Emeric Tourniaire;2016;0.info;RAIRO - Operations Research;;;LIP6,LAMSADE
hal-02361317;COMM;Distributed Nested Rollout Policy for Same Game;Benjamin Negrevergne,Tristan Cazenave;2017;0.info;;6th Workshop, CGW 2017, Held in Conjunction with the 26th International Conference on Artificial Intelligence, IJCAI 2017;Computer games,Artificial intelligence;LAMSADE
hal-02347851;ART;A note on selective line-graphs and partition colorings;Denis Cornaz,Fabio Furini,Enrico Malaguti,Alberto Santini;2019;0.info;Operations Research Letters;;Selective/partition coloring,Line graph,Stable set,Max-coloring;LAMSADE
hal-02093196;ART;A Complexity Approach for Core-Selecting Exchange under Conditionally Lexicographic Preferences;Etsushi Fujita,Julien Lesca,Akihisa Sonoda,Taiki Todo,Makoto Yokoo;2018;0.info,1.info.info-ma;Journal of Artificial Intelligence Research;;;LAMSADE
hal-01325794;ART;On the relations between ELECTRE TRI-B and ELECTRE TRI-C and on a new variant of ELECTRE TRI-B;Denis Bouyssou,Thierry Marchant;2015;0.info;European Journal of Operational Research;;;LAMSADE
hal-01179503;ART;Learning in Mean Field Games: the Fictitious Play;Pierre Cardaliaguet,Saeed Hadikhanloo;2017;0.math,1.math.math-oc;ESAIM: Control, Optimisation and Calculus of Variations;;;CEREMADE,LAMSADE
hal-02074061;COMM;A dimensionality Reduction Approach for Qualitative Preference Aggregation;Quentin Brabant,Miguel Couceiro,Fabien Labernia,Amedeo Napoli;05/07/2016;0.info,1.info.info-ai,0.info,1.info.info-ds;;International Symposium on Aggregation and Structures (ISAS 2016);;LORIA,LORIA,LAMSADE,LAMSADE
hal-02157871;COMM;Reverse Blending: an efficient answer to the challenge of obtaining required fertilizer variety;Latifa Benhamou,Frédéric Fontane,Vincent Giard,Bernard Grabot;2018;0.info;;ILS Conference 2018;Input creation,Fertilizer,Diversity,Reverse blending;LAMSADE
hal-02158158;COMM;The Communication Burden of Single TransferableVote\, in Practice;Manel Ayadi,Nahla Ben Amor,Jérôme Lang;2018;0.info;;7th International Workshop on Computational Social Choice (COMSOC 2018);Vote,STV;LARODEC,LAMSADE
hal-02286136;COMM;Genetic Programming over Spark for Higgs Boson Classification;Hmida Hmida,Sana Ben Hamida,Amel Borgi,Marta Rukoz;18/05/2019;0.info,1.info.info-ai;;22nd International Conference Business Information Systems;;LAMSADE,LIPAH
hal-02308172;ART;Mixing Dyadic and Deliberative Opinion Dynamics in an Agent-Based Model of Group Decision-Making;George Butler,Gabriella Pigozzi,Juliette Rouchier;2019;0.info;Complexity;;Decision-Making,Agent-Based Model;LAMSADE
hal-02310662;COMM;Extension of Some Edge Graph Problems: Standard and Parameterized Complexity;Katrin Casel,Henning Fernau,Mehdi Khosravian Ghadikolaei,Jérôme Monnot,Florian Sikora;2019;0.info;;22nd International Symposium, FCT 2019;Extension problems,Edge cover,Matching,Edge domination,NP-completeness,Parameterized complexity,Approximation;LAMSADE
hal-02301775;COMM;A Type System for Interactive JSON Schema Inference (Extended Abstract);Mohamed-Amine Baazizi,Dario Colazzo,Giorgio Ghelli,Carlo Sartiani;2019;0.info;;46th International Colloquium on Automata, Languages, and Programming (ICALP 2019);;LAMSADE,DiMIE
hal-02301809;COMM;Streaming saturation for large RDF graphs with dynamic schema information;Mohammad Amin Farvardin,Dario Colazzo,Khalid Belhajjame,Carlo Sartiani;2019;0.info;;17th ACM SIGPLAN International Symposium on Database Programming Languages (DBPL 2019);RDF saturation,RDF streams,Big Data,Spark;LAMSADE,DiMIE
hal-02301878;COMM;Schemas And Types For JSON Data;Mohamed-Amine Baazizi,Dario Colazzo,Giorgio Ghelli,Carlo Sartiani;2019;0.info;;Advances in Database Technology — EDBT 2019;;LAMSADE,DiMIE
hal-01482319;ART;Structural and algorithmic properties of 2-community structures;Cristina Bazgan,Janka Chlebikova,Thomas Pontoizeau;2017;0.info;Algorithmica;;;LAMSADE
hal-01099850;ART;On Subexponential and FPT-Time Inapproximability;Edouard Bonnet,Bruno Escoffier,Eunjung Kim,Vangelis Paschos;2015-03;0.info;Algorithmica;;;LAMSADE,LIP6
hal-02012467;ART;Three remarkable properties of the Normal distribution for sample variance;Eric Benhamou,Beatrice Guez,Nicolas Paris;2018;0.stat;Theoretical Mathematics & Applications;;;LAMSADE,CRIL
hal-01740137;COMM;Using Posters to Recommend Anime and Mangas in a Cold-Start Scenario;Jill-Jênn Vie,Florian Yger,Ryan Lahfa,Basile Clement,Kévin Cocchi,Thomas Chalumeau,Hisashi Kashima;2017;0.info;;MANPU 2017 held in conjunction with ICDAR 2017;Collaborative filtering,Humanities,Learning artificial intelligence,Least squares approximations,Recommender systems;AIP,LAMSADE
hal-01392850;COMM;Strategic voting in a social context: considerate equilibria;Laurent Gourvès,Julien Lesca,Anaelle Wilczynski;2016;0.info;;ECAI 2016 - 22nd European Conference on Artiﬁcial Intelligence;;LAMSADE
hal-01505546;ART;Blockers for the stability number and the chromatic number;Cristina Bazgan,Cédric Bentz,Christophe Picouleau,Bernard Ries;2015;0.info;Graphs and Combinatorics;;;LAMSADE,CEDRIC
hal-01505505;COMM;The Graph Motif Problem Parameterized by the Structure of the Input Graph;Edouard Bonnet,Florian Sikora;2015;0.info;;10th International Symposium on Parameterized and Exact Computation (IPEC 2015);;LAMSADE
hal-02301984;COMM;Argumentation-based Negotiation with Incomplete Opponent Profiles;Yannis Dimopoulos,Jean-Guy Mailly,Pavlos Moraitis;01/07/2019;0.info,1.info.info-ai;;13èmes Journées d’Intelligence Artificielle Fondamentale (JIAF 2019);;LAMSADE,LIPADE - EA 2517
hal-02309464;COMM;SQL for Stored and Inherited Relations;Witold Litwin;2019;0.info;;21st International Conference on Enterprise Information Systems (ICEIS 2019);SQL Databases,Information Systems,Non-procedural Data Definition and Manipulation,Logical Navigation;LAMSADE
hal-02308534;COMM;An opinion diﬀusion model with deliberation;George Butler,Gabriella Pigozzi,Juliette Rouchier;2019;0.info;;20th International Workshop on Multi-Agent-Based Simulation (MABS 2019);;LAMSADE
hal-01388539;COMM;Multiagent Fair Optimization with Lorenz Dominance;Lucie Galand,Thibaut Lust;2015;0.info;;International Conference on Autonomous Agents and Multiagent Systems (AAMAS 15);;LAMSADE,LIP6
hal-01326881;COMM;Parameterized Algorithms for Parity Games;Jakub Gajarsky,Michail Lampis,Kazuhisa Makino,Valia Mitsou,Sebastian Ordyniak;2015;0.info;;40th International Symposium, MFCS 2015;Parameterized complexity,Parity games;LAMSADE,RIMS
hal-01266499;COMM;A Recommender System from Semantic Traces Based on Bayes Classifier;Ning Wang,Marie-Hélène Abel,Jean-Paul Barthès,Elsa Negre;16/04/2015;0.info,1.info.info-si,0.info,1.info.info-ai;;The 2nd international conference on Knowledge Management, Information and Knowledge Systems (KMIKS);;Heudiasyc,LAMSADE
hal-01266493;COMM;Mining user competency from semantic trace;Ning Wang,Marie-Hélène Abel,Jean-Paul Barthès,Elsa Negre;2015;0.info,1.info.info-si;;Computer Supported Cooperative Work in Design (CSCWD),;;Heudiasyc,LAMSADE
hal-01616396;COMM;Numerical SQL Value Expressions Over Encrypted Cloud Databases;Sushil Jajodia,Witold Litwin,Thomas Schwarz;2015;0.info;;26th International Conference on Database and Expert Systems Applications (DEXA 2015);;LAMSADE
hal-02296502;ART;Externalities in Economies with Endogenous Sharing Rules;Philippe Bich,Rida Laraki;2017;0.info;Economic Theory Bulletin;;;CES,LAMSADE
hal-02296562;ART;Approachability of convex sets in generalized quitting games;Janos Flesh,Rida Laraki,Vianney Perchet;2018;0.info;Games and Economic Behavior;;;LAMSADE,CMLA
hal-01493516;COUV;Introduction to Computational Social Choice;Felix Brandt,Vincent Conitzer,Ulle Endriss,Jérôme Lang,Ariel D. Procaccia;2016;0.info;;;;LRR-TUM,ILLC,LAMSADE
hal-01443399;COUV;On the use of a multicriteria decision aiding tool for the evaluation of comfort;Meltem Ozturk Escoffier,Alexis Tsoukiàs,Sylvie Guerrand;2015;0.info,1.info.info-ro;;;MCDA,Coach comfort,Decision aiding,Evaluation;LAMSADE
hal-01277848;COMM;Mathematical models for real-world production planning problems with sequence-dependent set-up costs;Xueying Shen,Filipo Focacci,Fabio Furini,Virginie Gabrel,Daniel Godard;2015-02;0.info;;ROADEF 2015;Production planning,Set-up costs;LAMSADE
hal-02276437;COMM;To Alert or Not to Alert? That Is the Question;Maude Arru,Elsa Negre,Camille Rosenthal-Sabroux;2019;0.info,1.info.info-ro,0.info,1.info.info-ai;;52nd Hawaii International Conference on System Sciences (HICSS 52);;LAMSADE
hal-02170693;COMM;Uplift Modeling from Separate Labels;Ikko Yamane,Florian Yger,Jamal Atif,Masashi Sugiyama;2018;0.info;;32nd Conference on Neural Information Processing Systems (NeurIPS 2018);Uplift modeling;LAMSADE
hal-02172783;ART;Group activity selection problem with approval preferences;Andreas Darmann,Edith Elkind,Sascha Kurz,Jérôme Lang,Joachim Schauer,Gerhard Woeginger;2018;0.info;International Journal of Game Theory;;;LAMSADE
hal-02161128;COMM;Planification dans les jeux-vidéos : À quoi servent les coûts des actions ?,Planning in video games: What are actions costs used for?;Guillaume Prévost,Stéphane Cardon,Tristan Cazenave,Eric Jacopin;02/07/2019;0.info,1.info.info-mo,0.info,1.info.info-ai;;Rencontres des Jeunes Chercheurs en Intelligence Artificielle 2019;Jeux-vidéo,Coût des actions,Planification d’actions;LAMSADE,CREC
hal-02184878;COMM;Weighted Upper Edge Cover: Complexity and Approximability;Kaveh Khoshkhah,Mehdi Khosravian Ghadikolaei,Jérôme Monnot,Florian Sikora;2019;0.info;;13th International Conference, WALCOM 2019;Maximum minimal edge cover,Graph optimization problem,Computational complexity,Approximability;LAMSADE
hal-02184942;COMM;Extension of Vertex Cover and Independent Set in Some Classes of Graphs;Katrin Casel,Henning Fernau,Mehdi Khosravian Ghadikolaei,Jérôme Monnot,Florian Sikora;2019;0.info;;11th International Conference, CIAC 2019;Extension problems,Special graph classes,Approximation algorithms,NP-completeness;LAMSADE
hal-02184833;ART;Upper Domination: Towards a Dichotomy Through Boundary Properties;Hassan Aboueisha,Shahid Hussain,Vadim Lozin,Jérôme Monnot,Bernard Ries,Viktor Zamaraev;2018;0.info;Algorithmica;;Upper dominating set,Boundary class,Complexity dichotomy,NP-hard;WMI,LAMSADE
hal-01386789;COMM;An answerer recommender system exploiting collaboration in CQA services;Ning Wang,Marie-Helene Abel,Jean-Paul Barthès,Elsa Negre;2016;0.info,1.info.info-si;;IEEE International Conference on Computer Supported Cooperative Work in Design (CSCWD 2016);;Heudiasyc,LAMSADE
hal-02104866;COMM;Selfish Transportation Games;Dimitris Fotakis,Laurent Gourvès,Jérôme Monnot;2017;0.info;;43rd International Conference on Current Trends in Theory and Practice of Computer Science (SOFSEM 2017);Resource allocation game,Existence and computation of equilibria,Price of anarchy/stability;ICCS,LAMSADE
hal-02104830;ART;Subset sum problems with digraph constraints;Laurent Gourvès,Jérôme Monnot,Lydia Tlilane;2018;0.info;Journal of Combinatorial Optimization;;Subset sum,Maximal problems,Digraph constraints,Complexity,Directed acyclic graphs,Oriented trees,PTAS;LAMSADE
hal-01520392;COMM;Coalition Structure Generation and CS-core: Results on the Tractability Frontier for games represented by MC-nets;Julien Lesca,Patrice Perny,Makoto Yokoo;10/05/2017;0.info;;International Conference on Autonomous Agents and Multiagent Systems;;LAMSADE,LIP6
hal-01371075;COMM;Computing Pareto Optimal Committees;Haris Aziz,Jérôme Lang,Jérôme Monnot;2016;0.info;;Twenty-Fifth International Joint Conference on Artificial Intelligence, IJCAI 2016;Computational Social Choice,Voting,NP-hardness;LAMSADE
hal-01991650;COMM;On the Parameterized Complexity of Red-Blue Points Separation;Edouard Bonnet,Panos Giannopoulos,Michael Lampis;06/09/2017;0.info,0.info,1.info.info-cc,0.info,1.info.info-cg,0.info,1.info.info-ds;;IPEC 2017 12th International Symposium on Parameterized and Exact Computation;;LAMSADE
hal-01839623;COMM;Modèle de contexte de collaboration : pour qui\, pourquoi\, comment ?;Siying Li,Marie-Hélène Abel,Elsa Negre;04/07/2018;0.info;;29es Journées Francophones d'Ingénierie des Connaissances, IC 2018;Contexte,Collaboration,Ontologie;Heudiasyc,LAMSADE
hal-02303794;ART;Efficient reallocation under additive and responsive preferences;Haris Aziz,Peter Biro,Jérôme Lang,Julien Lesca,Jérôme Monnot;2019;0.info;Theoretical Computer Science;;Fair division,Resource allocation,Pareto optimality;LAMSADE
hal-01743251;ART;Complexity and inapproximability results for the Power Edge Set problem;Sónia Toubaline,Claudia D’ambrosio,Leo Liberti,Pierre-Louis Poirion,Baruch Schieber,Hadas Shachnai;2018;0.info;Journal of Combinatorial Optimization;;PMU placement problem,Power Edge Set,NP-hardness,Inapproximability;LAMSADE,LIX
hal-02098352;ART;Improving the Approximated Projected Perspective Reformulation by dual information;Antonio Frangioni,Fabio Furini,Claudio Gentile;2017;0.info;Operations Research Letters;;Mixed-Integer Non-Linear Problems,Semi-continuous variables,Perspective reformulation,Projection,Lagrangian relaxation,Portfolio optimization;LAMSADE,IASI
hal-02086676;COMM;Refinements and Randomised Versions of Some Tournament Solutions;Justin Kruger,Stéphane Airiau;2017;0.info;;16th Conference on Autonomous Agents and MultiAgent Systems (AAMAS 2017);Tournament,Probabilistic rule,Refinements,Condorcet consistency;LAMSADE
hal-01487005;COMM;An Agent Architecture to Enable Self-healing and Context-aware Web of Things Applications;Rafael Angarita,Maude Manouvrier,Marta Rukoz;2016;0.info,1.info.info-ni,0.info,1.info.info-wb,0.info,1.info.info-se;;International Conference of Internet of Things and Big Data (IoTBD 2016);;LAMSADE
hal-01785231;COMM;Local Envy-Freeness in House Allocation Problems;Aurélie Beynier,Yann Chevaleyre,Laurent Gourvès,Julien Lesca,Nicolas Maudet,Anaelle Wilczynski;10/07/2018;0.info,1.info.info-ai;;17th International Conference on Autonomous Agents and Multiagent Systems (AAMAS 2018);;LAMSADE
hal-02115531;ART;Finding disjoint paths on edge-colored graphs: more tractability results;Riccardo Dondi,Florian Sikora;2018;0.info;Journal of Combinatorial Optimization;;Parameterized complexity,Approximation,Social networks,Edge-colored graphs;LAMSADE
hal-01344284;COMM;Beyond Early: Decision Support for Improved Typhoon Warning Systems;Tina Comes,Brice Mayag,Elsa Negre;2015;0.info;;12th International Conference on Information Systems for Crisis Response and Management, ISCRAM 2015;Crisis management,Early warning systems,Decision support,Vulnerability assessment,Indicator framework,Typhoon Haiyan,Disaster response;LAMSADE
hal-01643553;COMM;Context Factors in Context-Aware Recommender System;Zahra Ferdousi,Elsa Negre,Dario Colazzo;22/05/2017;0.info,1.info.info-si,0.info,1.info.info-ai;;AISR 2017  Atelier interdisciplinaire sur les systèmes de recommandation;;LIFAT,LAMSADE
hal-01763010;ART;Pivots et Elections;Matias Nunez,Jean-François Laslier;2017;0.shs,1.shs.eco,0.info;L'actualité économique;;Stratégie,Vote,Elections;LAMSADE,PJSE
hal-02178203;COMM;A Self-adaptive Agent-based System for Cloud Platforms;Merzoug Soltane,Yudith Cardinale,Rafael Angarita Arocha,Philippe Roose,Marta Rukoz,Derdour Makhlouf,Kazar Okba;2018;0.info;;3rd International Conference on Pattern Analysis and Intelligent Systems (PAIS 2018);Distributed,Parallel,Cluster Computing;LINFI,USB,ISEP,LIUPPA,LAMSADE
hal-02310396;ART;How Bad is the Freedom to Flood-It?;Rémy Belmonte,Mehdi Khosravian Ghadikolaei,Masashi Kiyomi,Michael Lampis,Yota Otachi;2019;0.info;Journal of Graph Algorithms and Applications;;;LAMSADE
hal-01972564;ART;On the rationality of decision-aiding processes;Yves Meinard,Alexis Tsoukiàs;2019;0.info;European Journal of Operational Research;;Decision processes,Problem structuring,Philosophy of operational research,Legitimacy,Validity;LAMSADE
hal-02103359;ART;An application of the Shapley value to the analysis of co-expression networks;Giulia Cesari,Encarnación Algaba,Stefano Moretti,Juan A. Nepomuceno;2018;0.info;Applied Network Science;;Cooperative game theory,Centrality,Co-expression networks,Shapley value;LAMSADE,LSI-US
hal-02156844;ART;Local Envy-Freeness in House Allocation Problems;Aurélie Beynier,Yann Chevaleyre,Laurent Gourvès,Ararat Harutyunyan,Julien Lesca,Nicolas Maudet,Anaëlle Wilczynski;2019-09;0.info,1.info.info-ai;Autonomous Agents and Multi-Agent Systems;;;LAMSADE
hal-02160455;COMM;Simultaneous Elicitation of Committee and Voters' Preferences;Beatrice Napolitano,Olivier Cailloux,Paolo Viappiani;02/07/2019;0.info,1.info.info-mo,0.info,1.info.info-ai;;Rencontres des Jeunes Chercheurs en Intelligence Artificielle 2019;;LAMSADE
hal-02286084;ART;Scale Genetic Programming for large Data Sets: Case of Higgs Bosons Classification;Hmida Hmida,Sana Ben Hamida,Amel Borgi,Marta Rukoz;2018;0.info,1.info.info-ai;Procedia Computer Science;;;LAMSADE
hal-01159544;ART;Replacing the Singlet Spinor of the EPR-B Experiment in the Configuration Space with two Single-particle Spinors in Physical Space;Michel Gondran,Alexandre Gondran;01/05/2016;0.phys;Foundations of Physics;;;LAMSADE
hal-02098417;ART;An exact algorithm for the Partition Coloring Problem;Fabio Furini,Enrico Malaguti,Alberto Santini;2018;0.info;Computers and Operations Research;;Vertex Coloring,Partitioning coloring,Selective coloring,Column generation,Branch-and-Price algorithm;LAMSADE
hal-02104874;ART;Complexity of Grundy coloring and its variants;Edouard Bonnet,Florent Foucaud,Eun Jung Kim,Florian Sikora;2018;0.info;Discrete Applied Mathematics;;Grundy coloring,Computational complexity,Weak Grundy,Connected Grundy,Exact algorithm,Parameterized complexity;MTA SZTAKI,LIMOS,LAMSADE
hal-02076324;ART;The Graph Motif problem parameterized by the structure of the input graph;Édouard Bonnet,Florian Sikora;2017;0.info;Discrete Applied Mathematics;;Parameterized complexity,Graph motif problem,Structural parameterization,Computational biology;MTA SZTAKI,LAMSADE
hal-02157832;COMM;Flexi-security stocks\, a new approach for semi-raw materials used in blending;Mouna Bamoumen,Vincent Giard,Hajar Hilali,Vincent Hovelaque,Asma Rakiz;2018;0.info;;ILS Conference 2018;Safety Stock,Dynamic Blending,Risk,Uncertain Universe;CREM,LAMSADE
hal-02157305;COMM;Towards new design tools for integrating environmental criteria in the design process of architectural and urban projects in developing countries;Luc Adolphe,Benjamin Rousval,Tathiane Martins,Marion Bonhomme,Catherine Dubois;2017-12;0.spi,1.spi.gciv,2.spi.gciv.ec,0.spi,1.spi.gciv,2.spi.gciv.cd,0.shs,1.shs.archi;;30ème conférence PLEA (Passive Low Energy Architecture);;LRA,LAMSADE
hal-01090621;ART;A complete classification of equational classes of threshold functions included in clones;Miguel Couceiro,Erkko Lehtonen,Karsten Schölzel;2015;0.math,0.info;RAIRO - Operations Research;;;LAMSADE,LORIA,LASSY
hal-02307486;COMM;Single Transferable Vote: Incomplete Knowledge and Communication Issues;Manel Ayadi,Nahla Ben Amor,Jérôme Lang,Dominik Peters;2019;0.info;;18th International Conference on Autonomous Agents and MultiAgent Systems (AAMAS 19);;LAMSADE,LARODEC
hal-01502373;COMM;Inférence de Schémas pour Données JSON Massives;Mohamed-Amine Baazizi,Houssem Ben Lahmar,Dario Colazzo,Giorgio Ghelli,Carlo Sartiani;15/11/2016;0.info,1.info.info-db,0.info,1.info.info-cl;;"32ème Conférence sur la ""Gestion de Données — Principes, Technologies et Applications"" (BDA 2016)";;LIP6,LAMSADE,DI,DMI
hal-01690385;ART;An FPT 2-Approximation for Tree-Cut Decomposition;Eun Jung Kim,Sang-Il Oum,Christophe Paul,Ignasi Sau,Dimitrios M. Thilikos;2018;0.info,1.info.info-ds,0.info,1.info.info-dm;Algorithmica;;;LAMSADE,LIRMM
hal-01504852;ART;Automatic Dantzig–Wolfe reformulation of mixed integer programs;Martin Bergner,Alberto Caprara,Alberto Ceselli,Fabio Furini,Marco E. Lübbecke,Enrico Malaguti,Emiliano Traversi;2015;0.info;Mathematical Programming;;;LAMSADE,LIPN
hal-01785011;COMM;Accountable Approval Sorting;Khaled Belahcene,Yann Chevaleyre,Nicolas Maudet,Christophe Labreuche,Vincent Mousseau,Wassila Ouerdane;13/07/2018;0.info,1.info.info-ai;;27th International Joint Conference on Artificial Intelligence and 23rd European Conference on Artificial Intelligence (IJCAI-ECAI 2018);;LGI,LAMSADE,UMP CNRS/THALES
hal-01649414;ART;Pareto optimality and strategy-proofness in group argument evaluation;Edmond Awad,Martin Caminada,Gabriella Pigozzi,Mikolaj Podlaszewski,Iyad Rahwan;2017;0.info;Journal of logic and computation;;;LAMSADE,FSTC
hal-01924646;COMM;Towards Adaptive Classification using Riemannian Geometry approaches in Brain-Computer Interfaces;Satyam Kumar,Florian Yger,Fabien Lotte;18/02/2019;0.info,1.info.info-ai,0.info,1.info.info-lg,0.info,1.info.info-et,0.info,1.info.info-ts;;BCI 2019 - IEEE International Winter Conference on Brain-Computer Interfaces;;LaBRI,LAMSADE
hal-01508392;COMM;High variety impacts on Master Production Schedule: a case study from the automotive industry;Clément Chatras,Vincent Giard,Mustapha Sali;2015-05;0.info;;INCOM 2015, 15ième IFAC/IEEE/IFIP/IFORS Symposium;Master production schedule,Alternative services,Generic Bill of Materials,Planning Bill of Materials,Mass customization,Forecast,Automotive industry;LAMSADE,DRM
hal-01658459;COMM;Reasons and Means to Model Preferences as Incomplete;Olivier Cailloux,Sébastien Destercke;2017;0.info,1.info.info-ro,0.info,1.info.info-ai,0.info,1.info.info-ma;;11th International Conference on Scalable Uncertainty Management;;LAMSADE,Labex MS2T,Heudiasyc
hal-02308114;COMM;Optimization issues in phenotyping plateforms;Marian Brestic,André Rossi,Oksana Sytar,Marek Zivcak;2019;0.info;;20ème congrès annuel de la société Française de Recherche Opérationnelle et d’Aide à la Décision (ROADEF 2019);;LAMSADE
hal-01783588;COMM;Deep Learning for Metagenomic Data: using 2D Embeddings and Convolutional Neural Networks;Nguyen Thanh Hai,Yann Chevaleyre,Edi Prifti,Nataliya Sokolovska,Jean-Daniel Zucker;08/12/2017;0.info,1.info.info-bi,0.info,1.info.info-lg;;NIPS 2017 Workshop on Machine Learning for Health;;ICAN,LAMSADE
hal-01396183;ART;On the Existence of approximative Equilibria and Sharing Rule Solutions in Discontinuous Games;Philippe Bich,Rida Laraki;30/01/2017;0.shs,1.shs.eco;Theoretical Economics;;;CES,LAMSADE
hal-01646207;COMM;Knowledge-Based Policies for Qualitative Decentralized POMDPs;Abdallah Saffidine,François Schwarzentruber,Bruno Zanuttini;02/02/2018;0.info,1.info.info-ai;;32nd AAAI Conference on Artificial Intelligence;;LAMSADE,GREYC
hal-01715892;ART;Almost disjoint spanning trees: Relaxing the conditions for completely independent spanning trees;Benoit Darties,Nicolas Gastineau,Olivier Togni;2018;0.info,1.info.info-cc,0.info,1.info.info-dm,0.info,1.info.info-ni;Discrete Applied Mathematics;;;Le2i,LAMSADE
hal-01917762;ART;Flow-Aware Workload Migration in Data Centers;Yoann Desmouceaux,Sónia Toubaline,Thomas Clausen;2018;0.info,1.info.info-dc;Journal of Network and Systems Management;;Pareto optimality,Multi-objective optimization,MILP,Application-aware allocation,Data center networking,VM migration;LIX,LAMSADE
hal-01404913;COMM;Une approche de réduction de dimensionnalité pour l'agrégation de préférences qualitatives;Quentin Brabant,Miguel Couceiro,Fabien Labernia,Amedeo Napoli;2016;0.info;;16ème Journées Francophones Extraction et Gestion des Connaissances, EGC 2016;;LORIA,LAMSADE
hal-01369877;COMM;Can a Condorcet Rule Have a Low Coalitional Manipulability?;François Durand,Fabien Mathieu,Ludovic Noirie;2016;0.info,1.info.info-gt,0.info,1.info.info-ma;;European Conference on Artificial Intelligence (ECAI);;LAMSADE,LINCS
hal-02075335;COMM;Designing RNA Secondary Structures Is Hard;Edouard Bonnet,Pawel Rzążewski,Florian Sikora;2018;0.info;;RECOMB 2018;Probabilistic models,Probability,Problem solving;LAMSADE
hal-02075097;COMM;Parameterized Orientable Deletion;Tesshu Hanaka,Ioannis Katsikarelis,Michael Lampis,Yota Otachi,Florian Sikora;2018;0.info;;SWAT 2018;Graph orientations,FPT algorithms,Treewidth,SETH;LAMSADE
hal-02074964;COMM;Covering with Clubs: Complexity and Approximability;Riccardo Dondi,Giancarlo Mauri,Florian Sikora,Italo Zoppis;2018;0.info;;29th International Workshop on Combinatorial Algorithms (IWOCA 2018);Approximation algorithms,Combinatorial optimization,Graph algorithms;LAMSADE
hal-01710089;COUV;Riemannian classification for SSVEP based BCI: offline versus online implementations;Sylvain Chevallier,Emmanuel Kalunga,Quentin Barthélemy,Florian Yger;24/01/2018;0.info,1.info.info-lg,0.info,1.info.info-ts,0.info,1.info.info-hc;;;;LISV,LAMSADE
hal-01522818;ART;Multi-Country. The Regulation of Commercial Profiling – A Comparative Analysis;Indra Spiecker Döhmann,Olivia Tambou,Paul Bernal,Margaret Hu,Carlos Alberto Molinaro,Elsa Negre,Ingo Wolfgang Sarlet,Laura Schertel Mendes,Normann Witzleb,Florian Yger;2016;0.shs,1.shs.droit;European Data Protection Law Review;;Profilage commercial,Règlement Général de la Protection des Données;Cr2D,LAMSADE
hal-01509500;ART;A consolidated approach to the axiomatization of outranking relations: a survey and new results;Denis Bouyssou,Marc Pirlot;2015;0.info;Annals of Operations Research;;;LAMSADE
hal-01508402;COMM;High variety impacts on Bill of Materials Structure: Carmakers case study;Clément Chatras,Vincent Giard,Mustapha Sali;2015;0.info;;2015 IFAC Symposium on Information Control in Manufacturing (INCOM 2015);;LAMSADE,DRM
hal-01715916;COMM;Completely independent spanning trees for enhancing the robustness in ad-hoc Networks;Axel Moinet,Benoit Darties,Nicolas Gastineau,Jean-Luc Baril,Olivier Togni;09/10/2017;0.info,1.info.info-ni,0.info,1.info.info-dm,0.info,1.info.info-cc;;2017 IEEE 13th International Conference on Wireless and Mobile Computing, Networking and Communications (WiMob);;Le2i,LAMSADE
hal-01277428;COMM;Rationalisation of Profiles of Abstract Argumentation Frameworks;Stéphane Airiau,Elise Bonzon,Ulle Endriss,Nicolas Maudet,Julien Rossit;09/05/2016;0.info,1.info.info-ai;;AAMAS 2016;;LAMSADE,LIPADE - EA 2517,ILLC,LIP6
hal-02091342;ART;Parameterized and approximation complexity of Partial VC Dimension;Cristina Bazgan,Florent Foucaud,Florian Sikora;2019;0.info;Theoretical Computer Science;;VC dimension,Distinguishing Transversal,Partial problems,Hypergraphs,Parameterized complexity,Approximation complexity;LAMSADE,LIMOS
hal-01926689;ART;New results on polynomial inapproximability and fixed parameter approximability of edge dominating set;Bruno Escoffier,Jérôme Monnot,Vangelis Th. Paschos,Mingyu Xiao;2015-02;0.info,0.info,1.info.info-ds,0.info,1.info.info-cc;Theory of Computing Systems;;;LIP6,LAMSADE
hal-01488424;ART;Bi-objective matchings with the triangle inequality;Laurent Gourvès,Jérôme Monnot,Fanny Pascual,Daniel Vanderpooten;2017;0.info;Theoretical Computer Science;;;LAMSADE,LIP6
hal-02076432;ART;On the complexity of various parameterizations of common induced subgraph isomorphism;Faisal N Abu-Khzam,Édouard Bonnet,Florian Sikora;2017;0.info;Theoretical Computer Science;;Induced common isomorphism,Parameterized complexity,Kernelization,ETH,Based lower bounds;LAMSADE
hal-01830911;COMM;Towards automatic argumentation about voting rules;Michael Kirsten,Olivier Cailloux;02/07/2018;0.info,0.info,1.info.info-ai;;4ème conférence sur les Applications Pratiques de l'Intelligence Artificielle APIA2018;;LAMSADE
hal-01680527;COMM;Intelligent Digital Learning: Agent-Based Recommender System;Imène Brigui-Chtioui,Philippe Caillou,Elsa Negre;24/02/2017;0.info,1.info.info-ai;;ICMLC 2017 - 9th International Conference on Machine Learning and Computing;;LRI,LAMSADE
hal-02115544;ART;Parameterized complexity and approximation issues for the colorful components problems;Riccardo Dondi,Florian Sikora;2018;0.info;Theoretical Computer Science;;Colorful components,Parameterized complexity,Algorithms,Computational biology;LAMSADE
hal-02105288;ART;Complexity and inapproximability results for the Power Edge Set problem;Sonia Toubaline,Claudia d'Ambrosio,Leo Liberti,Pierre-Louis Poirion,Baruch Schieber,Hadas Shachnai;2018-04;0.info,1.info.info-ro;Journal of Combinatorial Optimization;;;LAMSADE,LIX
hal-01592242;ART;A polynomial-time algorithm for Outerplanar Diameter Improvement;Nathann Cohen,Daniel Gonçalves,Eun Jung Kim,Christophe Paul,Ignasi Sau,Dimitrios M. Thilikos,Mathias Weller;2017-11;0.math,1.math.math-co,0.info,1.info.info-ds,0.info,1.info.info-cc;Journal of Computer and System Sciences;;;LRI,LIRMM,LAMSADE
hal-01194840;COMM;The Role of the Enterprise’s Information and Knowledge System within the Digital Enterprise;Atif Linda,Pierre-Emmanuel Arduin,Michel Grundstein,Elsa Negre,Camille Rosenthal-Sabroux;16/04/2015;0.info,0.shs,1.shs.info;;International Conference on Knowledge Management, Information and Knowledge Systems (KMIKS) 2015;;LAMSADE,DRM
hal-01491765;COMM;Schema Inference for Massive JSON Datasets;Mohamed-Amine Baazizi,Houssem Ben Lahmar,Dario Colazzo,Giorgio Ghelli,Carlo Sartiani;21/03/2017;0.info,1.info.info-db,0.info,1.info.info-cl;;Extending Database Technology (EDBT);;LIP6,LAMSADE,DI,DMI
hal-01420854;ART;Mismatch between Habitat Science and Habitat Directive: Lessons from the French (Counter) Example;Martin Jeanmougin,Camille Dehais,Yves Meinard;2016;0.sde,1.sde.be;Conservation Letters;;;CESCO,LAMSADE
hal-02344055;COMM;Maximum Independent Sets in Subcubic Graphs: New Results;Ararat Harutyunyan,Michael Lampis,Vadim Lozin,Jérôme Monnot;19/06/2019;0.info,1.info.info-cc,0.info,1.info.info-dm,0.info,1.info.info-ro;;Graph-Theoretic Concepts in Computer Science - 45th International   Workshop, WG 2019;;LAMSADE
hal-01090645;ART;On the topological semigroup of equational classes of finite functions under composition;Jorge Almeida,Miguel Couceiro,Tamas Waldhauser;2017;0.math;Journal of Multiple-Valued Logic and Soft Computing;;;UNIVERSIDADE DO PORTO,LAMSADE,LORIA
hal-02378977;COMM;A Branch-Cut-and-Price Algorithm for the Location-Routing Problem;Pedro Liguori,Ridha Mahjoub,Ruslan Sadykov,Eduardo Uchoa;17/06/2019;0.info,1.info.info-ro;;TRISTAN X  - The Tenth Triennial Symposium on Transportation AnalysisThe Tenth Triennial Symposium on Transportation Analysis;;LAMSADE,LaBRI,IMB
hal-01991635;COMM;QPTAS and Subexponential Algorithm for Maximum Clique on Disk Graphs;Edouard Bonnet,Panos Giannopoulos,Eun Jung Kim,Paweł Rzążewski,Florian Sikora;11/06/2018;0.info,0.info,1.info.info-cg,0.info,1.info.info-ds;;SoCG 2018;;LIP,LAMSADE
hal-02311536;ART;Error Estimate and Fairness in Resource Allocation with Inaccurate Information Sharing;Francesca Fossati,Deep Medhi,Stefano Moretti,Stefano Secci;01/12/2019;0.info,1.info.info-ni;IEEE Networking Letters;;;CEDRIC,LAMSADE
hal-01445492;COMM;A Mood Value for Fair Resource Allocations;Francesca Fossati,Stefano Moretti,Stefano Secci;12/06/2017;0.info,1.info.info-ni,0.info,1.info.info-gt;;IFIP Networking 2017;;LIP6,LAMSADE
hal-02303821;ART;Chore division on a graph;Sylvain Bouveret,Katarína Cechlarova,Julien Lesca;2019;0.info;Autonomous Agents and Multi-Agent Systems;;Computational social choice,Resource allocation,Fair division,Indivisible chores;LIG,LAMSADE
hal-02285040;COMM;Interactive Elicitation of a Majority Rule Sorting Model with Maximum Margin Optimization;Ons Nefla,Meltem Öztürk,Paolo Viappiani,Imène Brigui-Chtioui;25/10/2019;0.info,1.info.info-ai;;ADT 2019 - 6th International Conference on Algorithmic Decision Theory;;LAMSADE
hal-01630524;ART;A genome-wide microRNA profiling indicates miR-424-5p and miR-503-5p as regulators of ALK expression in neuroblastoma;Marilena de Mariano,Sara Stigliani,Stefano Moretti,Federica Parodi,Michela Croce,Cinzia Bernardi,Aldo Pagano,Gian Paolo Tonini,Silvano Ferrini,Luca Longo;2017;0.sdv,1.sdv.can,0.sdv,1.sdv.neu,2.sdv.neu.nb,0.sdv,1.sdv.bbm,2.sdv.bbm.gtp;Oncotarget;;MiR-503-5p,Neuroblastoma,ALK,MiR-424-5p,MicroRNA;LAMSADE
hal-01991645;COMM;The PACE 2018 Parameterized Algorithms and Computational Experiments Challenge: The Third Iteration;Edouard Bonnet,Florian Sikora;22/08/2018;0.info,0.info,1.info.info-ds;;IPEC 2018;;LIP,LAMSADE
hal-02098420;ART;Exact approaches for the knapsack problem with setups;Fabio Furini,Michele Monaci,Emiliano Traversi;2018;0.info;Computers and Operations Research;;Knapsack problems,Column generation,Relaxations,Branch-and-bound algorithms,Computational experiments;LAMSADE,LIPN
hal-01632972;ART;Distance Transformation for Network Design Problems;Ali Ridha Mahjoub,Michael Poss,Luidi Simonetti,Eduardo Uchoa;2019;0.info,1.info.info-ro;SIAM Journal on Optimization;;;LAMSADE,LIRMM
hal-02308142;ART;An in-silico analysis of information sharing systems for adaptable resources management: A case study of oyster farmers;Nicolas Paget,Bruno Bonté,Olivier Barreteau,Gabriella Pigozzi,Pierre Maurel;2019;0.info;Socio-Environmental Systems Modelling;;;LAMSADE,UMR G-EAU,UMR TETIS
hal-02290131;COMM;Attributes regrouping in Fuzzy Rule Based Classification Systems: an intra-classes approach;Amel Borgi,Rim Kalaï,Hayfa Zgaya;28/10/2018;0.math,0.spi,0.info,0.info,1.info.info-mo;;In the 15th ACS/IEEE International Conference on Computer Systems and Applications AICCSA 2018;;LIPAH,LAMSADE,ILIS,CERIM
hal-01569582;COMM;Mining rare sequential patterns with ASP;Ahmed Samet,Thomas Guyet,Benjamin Negrevergne;04/09/2017;0.info,1.info.info-ai,0.info,1.info.info-ds,0.info,1.info.info-lo;;ILP 2017 - 27th International Conference on Inductive Logic Programming;;IRISA,LAMSADE
hal-01819205;COMM;Disease Classification in Metagenomics with 2D Embeddings and Deep Learning;Thanh Hai Nguyen,Edi Prifti,Yann Chevaleyre,Nataliya Sokolovska,Jean-Daniel Zucker;20/06/2018;0.info,0.info,1.info.info-bi,0.info,1.info.info-cv,0.info,1.info.info-im,0.info,1.info.info-lg;;La Conférence sur l'Apprentissage automatique (CAp);;ICAN,LAMSADE,ICAN
hal-01178490;COMM;PAXQuery: Parallel Analytical XML Processing;Jesús Camacho-Rodríguez,Dario Colazzo,Ioana Manolescu,Juan A. M. Naranjo;31/05/2015;0.info,1.info.info-db;;ACM SIGMOD International Conference on Management of Data 2015;;LAMSADE,LRI,LRI
lirmm-01264011;COMM;An FPT Algorithm and a Polynomial Kernel for Linear Rankwidth-1 Vertex Deletion;Christophe Paul,Eun Jung Kim,Mamadou Moustapha Kanté,O-Joung Kwon;2015;0.info,1.info.info-dm;;IPEC: International symposium on Parameterized and Exact Computation;;LIRMM,LAMSADE,LIMOS
hal-01875381;COMM;Two Node-Disjoint Paths Routing for Energy-Efficiency and Network Reliability;Rihab Maaloul,Raouia Taktak,Lamia Chaari,Bernard Cousin;26/07/2018;0.info,1.info.info-ni;;25th International Conference on Telecommunication (ICT 2018);;LAMSADE,IRISA
hal-02277658;COMM;Modélisation des problèmes de l’allocation des planches et des postes à quai;Hamza Bouzekri,Gülgün Alpan,Vincent Giard;2019;0.info;;13ème Conférence internationale de CIGI QUALITA 2019;Allocation des planches,Programmation linéaire zéro-un,Contraintes disjonctives spatio-temporelles,Gestion portuaire,Allocation des postes à quai;G-SCOP,LAMSADE
hal-02301982;COMM;Combiner les sémantiques à base d'extensions et les sémantiques à base de classement en argumentation abstraite;Elise Bonzon,Jérôme Delobelle,Sébastien Konieczny,Nicolas Maudet;01/07/2019;0.info,1.info.info-ai;;13èmes Journées d’Intelligence Artificielle Fondamentale (JIAF 2019);;LIPADE - EA 2517,CRIL,LAMSADE
hal-02308078;COMM;Ordonnancement réactif pour le suivi de cibles mobiles : de la robustesse à la garantie de performance en ligne;Florian Delavernhe,Charly Lersteau,André Rossi,Marc Sevaux;2019;0.info;;20ème congrès annuel de la société Française de Recherche Opérationnelle et d’Aide à la Décision (ROADEF 2019);;LERIA,LAMSADE,Lab-STICC
hal-01495356;COUV;An MCDA Approach for Evaluating Hydrogen Storage Systems for Future Vehicles;Florent Montignac,Vincent Mousseau,Denis Bouyssou,Mohamed Ali Aloulou,Benjamin Rousval,Sébastien Damart;2015;0.info;;;;LITEN,LGI,LAMSADE,DRM
hal-01926860;COMM;Multistage Matchings;Evripidis Bampis,Bruno Escoffier,Michael Lampis,Vangelis Th. Paschos;18/06/2018;0.info;;16th Scandinavian Symposium and Workshops on Algorithm Theory (SWAT 2018);;LAMSADE
hal-01991659;ART;Complexity of Grundy coloring and its variants;Edouard Bonnet,Foucaud Florent,Eunjung Kim,Florian Sikora;2018;0.info,0.info,1.info.info-cc,0.info,1.info.info-ds;Discrete Applied Mathematics;;;LIP,LAMSADE
hal-01867030;ART;πSOD-M: Building SOC Applications in the Presence of Non-Functional Requirements,πSOD-M: Construction d'applications à base de services en présence de besoins non-functionnels;Khalid Belhajjame,Valeria de Castro,Javier Espinosa-Oviedo,Martin Musicante,Umberto Souza da Costa,Plácido Souza Neto,Genoveva Vargas-Solar;2018;0.info,1.info.info-db,0.info,1.info.info-se;International Journal of Web and Grid Services;;;LAMSADE,LAFMIA,LIG
hal-02277615;COMM;Évaluation économique du pilotage opérationnel - une application aux décisions d’ordonnancement d’un atelier d’engrais;Najat Bara,Frédéric Gautier,Vincent Giard,Frédéric Fontane;2019;0.info;;13ème Conférence internationale de CIGI QUALITA 2019;Décisions opérationnelles,Coûts d’opportunité,Comptabilité de gestion,Operational decisions,Opportunity costs,Cost accounting;UP1,LAMSADE
hal-02277642;COMM;Système interactif d'aide à la décision pour la planification de l'extraction minière;Najoua Alaoui,Ahlam Azzamouri,Selwa Elfirdoussi,Pierre Fenies,Vincent Giard;2019;0.info;;13ème Conférence internationale de CIGI QUALITA 2019;Système interactif d’aide à la décision SIAD,Interface graphique,Planification,Mine à ciel ouvert,Decision Support System DSS,Graphical user interface,Scheduling,Open-pit mine;LAMSADE
hal-02277532;COMM;Reverse blending : une réponse efficace au défi de la personnalisation de masse dans la production de granulés;Latifa Benhamou,Vincent Giard,Pierre Fenies,Frédéric Fontane,Mehdi Khouloud;2019;0.info;;13ème Conférence internationale de CIGI QUALITA 2019;Fertilizer,Personnalisation de masse,Production continue,Blending,Conception d’input,Engrais,Mass customization,Continuous production,Input conception;LAMSADE
hal-01169275;COMM;Andromeda: A System for Processing Queries and Updates on Big XML Documents;Nicole Bidoit,Dario Colazzo,Carlo Sartiani,Alessandro Solimando,Federico Ulliana;2015;0.info,1.info.info-db;;BigDa: Big Data Applications and Principles;;LRI,LRI,LAMSADE,DMI,LIRMM,CRISAM
hal-01399842;ART;Positional scoring-based allocation of indivisible goods;Dorothea Baumeister,Sylvain Bouveret,Jérôme Lang,Nhan-Tam Nguyen,Trung Thanh Nguyen,Jörg Rothe,Abdallah Saffidine;2017;0.info;Autonomous Agents and Multi-Agent Systems;;Computational social choice,Resource allocation,Fair division,Indivisible goods,Preferences;LIG,LAMSADE
hal-02177672;ART;QPLIB: a library of quadratic programming instances;Fabio Furini,Emiliano Traversi,Pietro Belotti,Antonio Frangioni,Ambros Gleixner,Nick Gould,Leo Liberti,Andrea Lodi,Ruth Misener,Hans Mittelmann,Nikolaos V. Sahinidis,Stefan Vigerske,Angelika Wiegele;2019;0.info;Mathematical Programming Computation;;Instance library,Quadratic programming,Mixed-Integer Quadratically Constrained Quadratic Programming,Binary quadratic programming;LAMSADE,LIPN,ZIB,LIX
hal-01200696;COMM;Elicitation of a Utility from Uncertainty Equivalent Without Standard Gambles;Christophe Labreuche,Sébastien Destercke,Brice Mayag;15/07/2015;0.info,1.info.info-ai,0.info,1.info.info-oh;;European Conference on Symbolic and Quantitative Approaches to Reasoning with Uncertainty 2015;;UMP CNRS/THALES,Labex MS2T,Heudiasyc,LAMSADE
hal-01413229;COMM;Learning opening books in partially observable games: using random seeds in Phantom Go;Tristan Cazenave,Jialin Liu,Fabien Teytaud,Olivier Teytaud;2016;0.info,1.info.info-gt;;Computer intelligence and Games (CIG 2016);;LAMSADE,LISIC,LRI,LRI
hal-01256660;COMM;Go Complexities;Abdallah Saffidine,Olivier Teytaud,Shi-Jim Yen;2015;0.math,1.math.math-oc;;Advances in Computer Games;;LAMSADE,LRI,LRI
hal-01584984;COMM;Expert Opinion Extraction from a Biomedical Database;Ahmed Samet,Thomas Guyet,Benjamin Negrevergne,Tien-Tuan Dao,Tuan Nha Hoang,Marie-Christine Ho Ba Tho;2017;0.info,1.info.info-ai,0.info,1.info.info-db;;Conference on Symbolic and Quantitative Approaches to Reasoning with Uncertainty (ECSQARU);;IRISA,LAMSADE,BMBI
hal-01223116;COMM;Depth\, balancing\, and limits of the Elo model;Marie-Liesse Cauwet,Olivier Teytaud,Hua-Min Liang,Shi-Jim Yen,Hung-Hsuan Lin,I-Chen Wu,Tristan Cazenave,Abdallah Saffidine;31/08/2015;0.info,1.info.info-gt;;IEEE Conference on Computational Intelligence and Games 2015;;LRI,LRI,LAMSADE
hal-01768385;COUV;SHARP: Harmonizing and Bridging Cross-Workflow Provenance;Alban Gaignard,Khalid Belhajjame,Hala Skaf-Molli;2017;0.info,1.info.info-ai;;;;ITX,LAMSADE
hal-01768401;COMM;SHARP: Harmonizing Galaxy and Taverna workflow provenance;Alban Gaignard,Khalid Belhajjame,Hala Skaf-Molli;28/05/2017;0.info,1.info.info-ai;;SeWeBMeDA 2017 : Semantic Web solutions for large-scale BioMedical Data Analtics;;ITX,LAMSADE,LS2N
hal-01394253;ART;Riemannian approaches in Brain-Computer Interfaces: a review;Florian Yger,Maxime Berar,Fabien Lotte;2017;0.info,1.info.info-ai,0.info,1.info.info-bt,0.info,1.info.info-lg,0.info,1.info.info-ts,0.scco,1.scco.neur;IEEE Transactions on Neural Systems and Rehabilitation Engineering;;;LAMSADE,LITIS,LaBRI
hal-01767559;ART;The paradoxical extinction of the most charismatic animals;Franck Courchamp,Ivan Jaric,Céline Albert,Yves Meinard,William J. Ripple,Guillaume Chapron;2018;0.info;PLoS Biology;;;ESE,IGB,LAMSADE,Swedish University of Agricultural Sciences
hal-01093013;ART;Evaluation and Improvement of a Transition Business Process: A Case Study guided by a Semantic Quality-based Approach;Virginie Thion,Malika Grim-Yefsah,Camille Rosenthal-Sabroux,Samira Si-Said Cherfi;2016;0.info,0.info,1.info.info-mo,0.info,1.info.info-db;Information Systems Management;;;IRISA,LAMSADE,CEDRIC
hal-01924255;COMM;Vers une nouvelle interface visuelle dédiée à l'analyse des récoltes multisources de données;Zied Othmane,Damien Bodénès,Amine Aït-Younes,Cyril de Runz;2018;0.info;;AtelierVIF@EGC2018;Classification,Vandalisme,Information Géographique Volontaire;CRESTIC,LAMSADE
hal-01245531;COMM;The Rectangular Seeds of Domineering\, Atari-Go and Breakthrough;Tristan Cazenave,Jialin Liu,Olivier Teytaud;31/08/2015;0.info,1.info.info-ai,0.math,1.math.math-oc;;2015 IEEE Conference on Computational Intelligence and Games (CIG);;LAMSADE,LRI,LRI
hal-01196688;COMM;Génération de plans à base de connaissances;Anaëlle Wilczynski,Bruno Zanuttini,Jérôme Lang;29/06/2015;0.info,1.info.info-ai;;10es Journées Francophones sur la Planification, la Décision et l'Apprentissage (JFPDA 2015);;LAMSADE,GREYC,IRIT
hal-01425321;COMM;Reuse-based Optimization for Pig Latin;Jesús Camacho-Rodríguez,Dario Colazzo,Melanie Herschel,Ioana Manolescu,Soudip Roy Chowdhury;2016;0.info,1.info.info-db;;25th ACM International on Conference on Information and Knowledge Management;;LAMSADE,IPVS,LIX,LIX
hal-01351929;ART;Integrated production and outbound distribution scheduling problems with job release dates and deadlines;Liang-Liang Fu,Mohamed Ali Aloulou,Christian Artigues;2018-08;0.info,1.info.info-ro;Journal of Scheduling;;;LAMSADE,LAAS
lirmm-02342803;COMM;Data-Compression for Parametrized Counting Problems on Sparse Graphs;Eun Jung Kim,Maria Serna,Dimitrios M. Thilikos;2018;0.info,1.info.info-dm,0.info,1.info.info-ds;;ISAAC: International Symposium on Algorithms and Computation;;LAMSADE,LSI,LIRMM
hal-01183004;ART;A Solution to a Problem of D. Lau: Complete Classification of Intervals in the Lattice of Partial Boolean Clones;Miguel Couceiro,Lucien Haddad,Karsten Schölzel,Tamas Waldhauser;2017;0.info,0.math;Journal of Multiple-Valued Logic and Soft Computing;;;LORIA,LAMSADE,RMCC
hal-01905491;ART;On the complexity of minimizing median normal forms of monotone Boolean functions and lattice polynomials;Miguel Couceiro,Pierre Mercuriali,Romain Péchoux,Abdallah Saffidine;2019;0.math,1.math.math-ac,0.info,1.info.info-dm,0.info,1.info.info-lo;Journal of Multiple-Valued Logic and Soft Computing;;;LORIA,LORIA,LAMSADE
hal-02024887;ART;A closed sets based learning classifier for implicit authentication in web browsing;Diyé Dia,Giacomo Kahn,Fabien Labernia,Yannick Loiseau,Olivier Raynaud;2018-01;0.info,0.info,1.info.info-ai;Discrete Applied Mathematics;;;LIMOS,LAMSADE
hal-01617015;ART;Rationalisation of Profiles of Abstract Argumentation Frameworks: Characterisation and Complexity;Stéphane Airiau,Elise Bonzon,Ulle Endriss,Nicolas Maudet,Julien Rossit;2017;0.info,1.info.info-ai;Journal of Artificial Intelligence Research;;;LAMSADE,LIPADE - EA 2517,ILLC,LIP6
hal-01539561;ART;Exact and superpolynomial approximation algorithms for the densest $k$-subgraph problem;Nicolas Bourgeois,Aristotelis Giannakos,Giorgio Lucarelli,Ioannis Milis,Vangelis Th Paschos;2017;0.info,1.info.info-ds,0.info,1.info.info-ro;European Journal of Operational Research;;;SAMM,LAMSADE,LIG
hal-01910226;ART;Fair Resource Allocation in Systems with Complete Information Sharing;Francesca Fossati,Sahar Hoteit,Stefano Moretti,Stefano Secci;16/12/2018;0.info,1.info.info-ni;IEEE/ACM Transactions on Networking;;;LAMSADE,CEDRIC
hal-01889785;COMM;Sugeno Integral for Rule-Based Ordinal Classification;Quentin Brabant,Miguel Couceiro,Didier Dubois,Henri Prade,Agnès Rico;13/07/2018;0.info,1.info.info-dm,0.info,1.info.info-lg;;IJCAI-ECAI 2018 - Workshop on Learning and Reasoning: Principles and Applications to Everyday Spatial and Temporal Knowledge;;LORIA,LAMSADE,IRIT,ERIC
hal-01653334;ART;Disjoint cycles of different lengths in graphs and digraphs;Julien Bensmail,Ararat Harutyunyan,Ngoc Khang Le,Binlong Li,Nicolas Lichiardopol;08/12/2017;0.info,1.info.info-dm;The Electronic Journal of Combinatorics;;;CRISAM,I3S,LAMSADE,LIP
emse-01310381;ART;Bimodal traffic regulation system: A multi-agent approach;Flavien Balbo,Neïla Bhouri,Suzanne Pinson;2016-04;0.info,1.info.info-mo;Web Intelligence and Agent Systems : An International Journal (WIAS);;;ISCOD-ENSMSE,LHC,IFSTTAR/COSYS/GRETTIA,LAMSADE
halshs-02065282;ART;Compromise Rules Revisited;Vincent Merlin,Ipek Özkal Sanver,Mehmet Remzi Sanver;2019-02;0.shs,1.shs.eco;Group Decision and Negotiation;;;CREM,LAMSADE
hal-02181518;ART;Coloring tournaments: From local to global;Ararat Harutyunyan,Tien-Nam Le,Stéphan Thomassé,Hehui Wu;2019;0.info,0.math,0.math,1.math.math-co;Journal of Combinatorial Theory, Series B;;Digraph coloring,Erdős–Hajnal conjecture,Chromatic number of tournaments;LAMSADE,LHC,IUF,LIP
hal-01483807;ART;Inertial Game Dynamics and Applications to Constrained Optimization;Rida Laraki,Panayotis Mertikopoulos;2015;0.info;SIAM Journal on Control and Optimization;;;LAMSADE,LIG
hal-02277540;COMM;Flexibilité du blending dynamique avec gammes alternatives et stock de sécurité : mise en oeuvre sur une chaîne logistique minière;Ahlam Azzamouri,Mouna Bamoumen,Hajar Hilali,Vincent Hovelaque,Vincent Giard;2019;0.info;;13ème Conférence internationale de CIGI QUALITA 2019;Blending dynamique,Mine,Gammes alternatives,Stock de sécurité,Gestion des risques,Dynamic blending,Alternative routings,Security stock,Risk management;CREM,LAMSADE
hal-01660934;COMM;Equal Cost Multiple Path Energy-Aware Routing in Carrier-Ethernet Networks with Bundled Links;Rihab Maaloul,Raouia Taktak,Lamia Chaari,Bernard Cousin;30/10/2017;0.info,1.info.info-ni;;14th ACS/IEEE International Conference on Computer Systems and Applications (AICCSA 2017);;LAMSADE,IRIT,IRISA
hal-01837155;COMM;L'« Observatoire Hommes-Milieux » : un expert indépendant au sein d'une controverse environnementale complexe. Le cas de la gestion des résidus de traitement de bauxite à Gardanne\, France;Y. Noack,Juliette Rouchier,Jean-Claude Raynal;04/07/2018;0.sde,1.sde.es,0.sdu,1.sdu.envi,0.shs,1.shs.socio;;Colloque International Interdisciplinaire Contaminations, Environnement, Santé et Société;Bauxite,Conflit environnemental,Boues rouges,OHM Bassin Minier de Provence,LabEx DRIIHM,Observatoires Hommes-Milieux;CEREGE,LAMSADE
hal-01858703;ART;Energy-Aware Routing in Carrier-Grade Ethernet using SDN Approach;Rihab Maaloul,Raouia Taktak,Lamia Chaari,Bernard Cousin;2018-09;0.info,1.info.info-ni;IEEE Transactions on Green Communications and Networking;;;LAMSADE,IRIT,IRISA
hal-01856066;ART;Méthodologie pour identifier les terrains d'étude dans des corpus scientifiques,Methodology for identifying study sites in scientific corpus;Eric Kergosien,Marie-Noelle Bessagnet,Maguelonne Teisseire,Joachim Schöpfel,Mohammad Amin Farvardin,Stéphane Chaudiron,Bernard Jacquemin,Annig Le Parc-Lacayrelle,Mathieu Roche,Christian Sallaberry,Jean-Philippe Tonneau,Amin Farvardin;2017;0.shs,1.shs.info,0.info,1.info.info-ir,0.info,1.info.info-tt;Revue des Sciences et Technologies de l'Information -  Série Document Numérique;;Analyse du document,Fouille de textes,Traitement automatique des langues,Recherche d'information géographique,Scientométrie;GERIICO,LIUPPA,UMR TETIS,LAMSADE
hal-01991541;COMM;Designing RNA Secondary Structures is Hard;Edouard Bonnet,Paweł Rzążewski,Florian Sikora;21/04/2018;0.info,0.info,1.info.info-bi,0.info,1.info.info-cc;;RECOMB 2018;;LIP,LAMSADE
hal-02193344;ART;Un diagnostic de gouvernance basé sur le discours des acteurs : le cas du littoral marseillais « côté mer » (Marseille\, France);Dominique Ami,Juliette Rouchier,Stéphane Calandra;2018;0.info;VertigO : La Revue Électronique en Sciences de l'Environnement;;IAD,Parc national des Calanques,Perception de la gouvernance;AMSE,LAMSADE
hal-01846433;ART;A Review of Classification Algorithms for EEG-based Brain-Computer Interfaces: A 10-year Update;Fabien Lotte,Laurent Bougrain,Andrzej Cichocki,Maureen Clerc,Marco Congedo,Alain Rakotomamonjy,Florian Yger;01/04/2018;0.info,1.info.info-ai,0.info,1.info.info-cv,0.info,1.info.info-lg,0.spi,1.spi.signal;Journal of Neural Engineering;;;LaBRI,BSI,LORIA,CRISAM,GIPSA-lab,LITIS,LAMSADE
hal-01336773;COMM;The Visual Object Tracking VOT2015 Challenge Results;Matej Kristan,Jiri Matas,AleÅ¡ Leonardis,Michael Felsberg,Luka Cehovin,Gustavo FernÃ¡ndez,Tomas Vojir,Gustav HÃ¤ger,Georg Nebehay,Roman Pflugfelder,Abhinav Gupta,Adel Bibi,Alan LukeÅ¾iÄ,Alvaro Garcia-Martin,Amir Saffari,Alfredo Petrosino,AndrÃ©s Montero,Anton Varfolomieiev,Atilla Baskurt,Baojun Zhao,Bernard Ghanem,Brais Martinez,Byeongju Lee,Bohyung Han,Chaohui Wang,Christophe Garcia,Chunyuan Zhang,Cordelia Schmid,Dacheng Tao,Daijin Kim,Dafei Huang,Danil Prokhorov,Dawei Du,Dit-Yan Yeung,Eraldo Ribeiro,Fahad Shahbaz Khan,Fatih Porikli,Filiz Bunyak,Gao Zhu,Guna Seetharaman,Hilke Kieritz,Hing Yau,Hongdong Li,Honggang Qi,Horst Bischof,Horst Possegger,Hyemin Lee,Hyeonseob Nam,Ivan Bogun,Jae-Chan Jeong,Jae-Il Cho,Jae-Yeong Lee,Jianke Zhu,Jianping Shi,Jiatong Li,Jiaya Jia,Jiayi Feng,Jin Gao,Jin Young Choi,Ji-Wan Kim,Jochen Lang,Jose M. Martinez,Jongwon Choi,Junliang Xing,Kai Xue,Kannappan Palaniappan,Karel Lebeda,Karteek Alahari,Ke Gao,Kimin Yun,Kin Hong Wong,Lei Luo,Liang Ma,Lipeng Ke,Longyin Wen,Luca Bertinetto,Mahdieh Pootschi,Mario Maresca,Martin Danelljan,Mei Wen,Mengdan Zhang,Michael Arens,Michel Valstar,Ming Tang,Ming-Ching Chang,Muhammad Khan,Nana Fan,Naiyan Wang,Ondrej Miksik,Philip H. S. Torr,Qiang Wang,Rafael Martin-Nieto,Rengarajan Pelapur,Richard Bowden,Robert LaganiÃ¨re,Salma Moujtahid,Sam Hare,Simon Hadfield,Siwei Lyu,Siyi Li,Song-Chun Zhu,Stefan Becker,Stefan Duffner,Stephen Hicks,Stuart Golodetz,Sunglok Choi,Tianfu Wu,Thomas Mauthner,Tony Pridmore,Weiming Hu,Wolfgang HÃ¼bner,Xiaomeng Wang,Xin Li,Xinchu Shi,Xu Zhao,Xue Mei,Yao Shizeng,Yang Hua,Yang Li,Yang Lu,Yuezun Li,Zhaoyun Chen,Zehua Huang,Zhe Chen,Zhe Zhang,Zhenyu He,Zhibin Hong;2015;0.info,1.info.info-cv,0.info,1.info.info-ti;Visual Object Tracking Workshop 2015 at ICCV2015;;LIRIS,BIT,LJK,NICTA,LAMSADE,KAIST,CMH,LPC,LISE,IMPMC,LGI
hal-01516082;ART;Scientific workflows for computational reproducibility in the life sciences: Status\, challenges and opportunities;Sarah Cohen-Boulakia,Khalid Belhajjame,Olivier Collin,Jérôme Chopard,Christine Froidevaux,Alban Gaignard,Konrad Hinsen,Pierre Larmande,Yvan Le Bras,Frédéric Lemoine,Fabien Mareuil,Hervé Ménager,Christophe Pradal,Christophe Blanchet;2017-10;0.info,1.info.info-bi,0.info,1.info.info-ds,0.info,1.info.info-db,0.info,1.info.info-ir;Future Generation Computer Systems;;;LIRMM,CRISAM,LRI,IBC,LAMSADE,IRISA,CRISAM,UMR AGAP,SSOLEIL,CBM,UMR DIADE,C3BI,UMR AGAP,IFB-CORE
